#don_entity,ben_entity,date_operation,valeur_euro
23717,18710,1973-08-02,1500.0
23717,18710,1988-10-13,1500.0
23717,18710,1974-07-25,1500.0
23717,18710,1980-05-29,1500.0
23717,27457,1972-07-27,1500.0
23722,23723,1987-03-25,1600.0
23722,23723,2014-12-29,1600.0
23722,23723,1977-05-15,3250.0
23722,17898,1972-08-10,2900.0
23722,17898,2000-02-13,2900.0
23722,18678,1993-03-21,1900.0
23722,21416,1998-07-12,2900.0
19423,23730,1992-08-16,146.0
19423,27837,1994-11-04,35.1
19423,26099,2009-08-26,142.1
19423,26099,1998-10-16,265.0
19423,26099,1998-12-24,95.1
19423,26099,1992-11-27,172.1
19423,26099,2006-07-24,147.1
19423,29366,2002-08-28,75.1
19423,29371,1996-04-12,50.1
19423,34525,1971-06-21,80.0
19423,20300,1981-09-02,50.0
19423,20300,1985-03-19,70.1
19423,20300,1995-07-20,25.1
19423,20447,2004-02-19,350.0
19423,20447,2012-05-24,285.0
19423,32178,1975-12-02,50.1
19423,33192,2004-07-04,50.1
19423,33192,1978-03-08,967.0
19423,30380,1981-11-13,50.0
19423,30419,1974-03-25,95.1
19423,26002,2004-10-25,102.1
19423,29798,1988-08-25,400.0
19423,34601,2015-07-21,152.1
19423,26010,1997-02-20,1185.0
19423,19628,1976-11-11,57.1
19423,35012,1996-07-22,50.1
19423,23395,1981-02-09,571.0
19423,26918,1975-11-06,102.1
19423,19424,1972-08-20,15.1
19423,21394,2011-04-22,1800.0
19423,25053,2002-07-28,375.0
19423,25124,2011-06-09,50.1
19423,35161,1971-12-22,53.0
19423,34039,1992-05-05,95.1
19423,33794,1980-07-15,80.1
19423,28652,1995-10-15,55.1
18523,23732,2000-04-21,5500.0
18523,23732,2005-05-25,5500.0
23733,19595,2011-05-20,3000.0
23733,19595,1990-09-07,3000.0
23733,19595,1998-03-19,2000.0
23733,19595,1980-04-30,3000.0
23733,19595,1973-03-08,2000.0
19595,33858,1989-02-10,2000.0
23735,23736,1988-06-28,5000.0
23735,23736,1996-02-27,5000.0
23735,23736,1988-05-03,5000.0
23735,24533,2002-06-11,5000.0
23735,33631,1993-01-10,1500.0
21982,17934,1980-05-10,5500.0
21982,17934,1988-02-24,5500.0
21982,24056,1973-09-19,5000.0
21982,18260,1982-09-12,5000.0
21982,18260,2012-07-17,5500.0
21982,18610,1988-03-23,5500.0
21982,31521,2016-03-25,5500.0
21982,31521,1987-05-26,5500.0
21982,19406,1990-02-26,5500.0
21982,21138,2012-06-15,5500.0
21982,33763,2002-06-26,4000.0
23767,20415,2015-09-12,5500.0
23767,20415,1993-11-09,5500.0
23767,25537,2005-06-17,5500.0
20415,29385,1981-10-15,5500.0
20415,24918,1995-10-17,5500.0
23784,23785,1983-08-07,1497.0
23784,20067,2004-07-14,1497.0
23784,24533,2003-02-06,1497.0
23786,18556,1983-03-28,1000.0
23786,33652,1991-04-08,1500.0
23786,24040,1980-08-14,1500.0
19976,23892,1974-09-04,5000.0
19976,18582,1977-01-13,5000.0
19976,26539,1993-08-18,5500.0
19976,19336,1983-02-24,5000.0
19976,19336,1983-02-26,3000.0
19336,19976,1983-02-26,2000.0
18179,23893,2011-12-30,53.0
18179,23952,2005-04-23,63.0
18179,23952,2014-08-24,38.2
18179,23952,2002-08-07,38.2
18179,24038,1980-11-19,38.2
18179,3404,2000-05-07,1200.0
18179,32559,2015-07-19,70.0
18179,29041,1997-12-30,360.0
18179,29327,2010-07-11,31.6
18179,29327,2000-09-29,30.1
18179,20585,1996-03-25,77.0
18179,20585,1974-02-07,191.1
18179,20585,2018-03-13,38.6
18179,29428,1989-06-15,77.1
18179,29428,2008-08-25,142.1
18179,29428,2016-12-06,53.4
18179,23281,2012-09-28,85.0
18179,23281,1973-02-06,91.1
18179,23281,2003-11-15,110.1
18179,23339,1976-04-08,85.0
18179,23460,1978-04-11,61.1
18179,23460,1982-09-18,62.0
18179,23460,1985-12-10,38.2
18179,31352,1972-03-25,46.0
18179,31352,1983-06-20,620.0
18179,31352,2015-05-01,400.0
18179,21454,1992-09-24,610.0
18179,21454,1970-07-31,305.0
18179,26529,2008-12-05,1150.0
18179,26529,1975-01-13,1150.0
18179,25185,1974-10-08,62.0
18179,25185,1980-04-18,77.0
18179,25185,1983-06-27,25.1
18179,32315,1984-05-19,115.1
18179,12866,2006-06-22,1000.0
18179,25052,1979-02-14,77.0
18179,25052,1993-04-25,50.0
18179,30396,1976-01-19,52.2
18179,10227,1995-08-18,1000.0
18179,26016,1983-02-13,39.0
18179,26118,1991-08-21,43.0
18179,34563,1971-05-29,79.6
18179,26477,1992-10-22,320.5
18179,18180,2017-05-13,51.0
18179,18180,1983-02-22,115.1
18179,18180,1976-02-17,77.1
18179,24085,1970-01-04,25.1
18179,31106,1999-12-21,40.0
18179,31989,1999-07-01,30.1
18179,22630,1996-06-10,41.1
18179,22713,2002-10-21,40.2
18179,22742,1990-03-13,55.1
18179,31619,1991-04-05,30.6
18179,20479,2009-08-03,65.1
18179,32805,1984-04-23,50.0
18179,25189,1979-11-23,49.0
18179,25189,2012-02-26,62.0
18179,33112,1987-05-10,71.1
18179,25074,2017-06-17,100.0
18179,35261,2007-05-07,62.0
18179,22004,1988-11-26,53.6
18179,34014,1973-10-08,53.6
18179,4988,1988-11-07,1400.0
18179,28708,2006-02-20,114.6
23900,23901,2016-12-17,5000.0
23900,24056,2003-01-01,5000.0
23900,34774,1992-10-14,3000.0
23900,26144,2015-07-19,5000.0
20557,18419,2015-04-06,142.1
20557,20922,2018-03-06,1445.0
20557,29354,1993-06-24,35.1
20557,22622,1971-03-30,1525.0
20557,22622,1999-02-09,1600.0
20557,22622,2013-10-23,1700.0
20557,22622,2017-07-21,800.0
20557,22622,1971-02-21,1610.0
20557,20558,1990-12-28,1755.0
20557,20558,1996-12-01,2346.04
18426,23916,1983-02-21,1000.0
18426,24723,2008-02-01,1000.0
18426,18427,1972-03-04,1500.0
18426,18427,1974-06-11,1400.0
18426,18427,2015-05-26,1000.0
18426,18427,1977-05-05,500.0
18426,18676,1975-09-13,1000.0
18426,18676,2004-02-09,1000.0
18488,18387,2001-03-19,5000.0
18488,23989,1999-05-10,1400.0
18488,23989,2001-01-04,1497.0
18488,23989,2004-12-30,1497.0
18488,31921,1984-11-12,1497.0
18488,28366,1977-08-04,5000.0
18488,5161,2006-12-23,5000.0
18488,27457,2018-02-04,1500.0
18488,26496,1978-09-06,5000.0
18387,18388,2008-04-09,1500.0
18387,18388,1993-01-23,1500.0
18387,20898,1985-05-20,1500.0
23921,20460,2011-11-04,5000.0
20460,23932,1992-09-11,5000.0
20460,31436,2004-06-08,5000.0
20460,20524,1990-03-19,5000.0
20427,18366,2015-02-13,5500.0
20427,28871,1978-02-24,5500.0
20427,20428,2015-02-14,5500.0
20427,22011,2005-08-21,5500.0
20427,18365,1996-06-09,5500.0
21137,23932,2014-09-11,1500.0
21137,23932,1997-02-16,5000.0
21137,20460,1996-08-14,5000.0
21137,20460,1973-06-15,5000.0
21137,18307,2015-06-10,1500.0
21137,20524,2007-08-22,5000.0
21137,18306,2009-05-03,5000.0
23942,23943,2001-06-07,5000.0
23942,23943,1972-03-15,5500.0
23953,23954,1984-03-24,5500.0
23966,22589,1982-05-23,5500.0
23966,28989,1987-07-25,5500.0
23966,28989,1991-07-05,5500.0
23972,19406,2010-01-08,5500.0
23972,19406,1982-07-23,5500.0
20625,23975,2015-10-05,5500.0
20625,24546,1989-06-06,5500.0
23976,18365,1988-05-01,5500.0
23976,29118,1993-09-02,5000.0
23976,27004,1976-05-18,5500.0
18365,24296,2017-04-15,5500.0
18365,18366,1980-07-31,5500.0
18365,18366,2011-01-13,5500.0
18365,24918,2009-09-24,5500.0
18365,29936,1989-02-15,5500.0
23982,23983,1999-01-06,1655.0
23982,23983,1975-07-21,967.0
23982,24003,1997-12-10,2052.79
23982,24003,1999-10-09,2052.79
23982,33351,1981-01-04,55.1
23982,28248,1994-12-09,70.1
23982,28185,2017-06-28,2000.0
23982,28185,1974-03-22,2000.0
23982,31736,1978-05-09,721.0
23982,25162,2005-08-08,1855.0
23982,33798,2008-01-27,398.0
23987,23988,1985-05-25,500.0
23987,29076,2010-07-07,1500.0
23987,29076,1976-01-04,1500.0
23987,27090,2010-10-24,2000.0
23992,21259,1998-03-28,2876.0
23992,21416,1988-11-04,3250.0
21259,12810,1973-08-06,1000.0
21259,11027,1974-07-27,1000.0
21259,21260,2003-11-13,1500.0
21259,4743,1987-06-18,1300.0
24004,20374,2016-01-26,5000.0
24004,20374,1976-09-18,5000.0
18456,24009,1988-02-08,235.0
18456,25600,1975-01-05,35.1
18456,25600,2001-03-05,50.0
18456,25600,1985-07-18,100.0
18456,25600,1977-05-11,100.0
18456,25600,2012-02-14,100.0
18456,25600,1990-02-15,35.1
18456,25600,1977-04-05,50.1
18456,25600,1973-11-29,30.1
18456,25600,1981-02-02,70.1
18456,27874,1979-05-28,200.0
18456,27874,1979-05-26,200.0
18456,23092,2001-10-27,95.1
18456,23575,1970-07-17,142.1
18456,33185,2016-03-09,601.0
18456,30483,1974-07-30,30.1
18456,30483,2000-03-15,50.1
18456,20543,1972-10-26,55.1
18456,20543,2011-01-29,28.1
18456,24881,2017-11-22,55.1
18456,24881,1994-11-14,1000.0
18456,24881,2004-06-20,70.1
18456,24881,1987-09-21,100.0
18456,24881,2018-04-08,100.0
18456,24881,1996-09-10,100.0
18456,24881,1977-10-14,1000.0
18456,24881,1988-01-13,100.0
18456,24881,2017-12-13,1000.0
18456,24881,2017-09-17,100.0
18456,31392,1997-11-05,40.1
18456,34441,1976-07-13,25.1
18456,25092,1998-03-14,95.1
18456,26538,1993-05-07,100.0
18456,18457,1981-05-23,50.1
18456,31051,1991-02-10,100.0
18456,22410,1973-03-12,50.1
18456,27121,1995-12-01,50.0
18456,33653,2009-12-15,70.1
18456,32815,1986-05-19,65.1
18456,34220,2004-09-13,40.1
18456,22165,2018-06-13,70.1
18456,34080,1984-02-29,150.0
18456,25667,1979-09-05,700.0
18456,25730,1993-08-03,85.1
17945,24015,2012-07-08,100.0
17945,21330,2004-01-09,95.1
17945,28881,2011-04-21,95.1
17945,28881,1986-10-09,50.1
17945,20537,1981-02-24,2482.89
17945,23530,2012-05-06,45.1
17945,20082,1985-03-19,967.0
17945,30294,2005-03-22,50.1
17945,30294,1981-05-31,55.1
17945,17946,2010-02-02,290.0
17945,17946,1985-03-23,465.0
17945,27064,2010-11-23,142.1
17945,19628,1984-04-09,47.1
17945,19628,1982-07-06,100.0
17945,19628,1985-03-26,50.1
17945,34340,2017-04-03,601.0
17945,24909,1985-09-27,192.1
17945,25219,1987-04-19,2000.0
17945,30714,1987-10-31,95.1
17945,28711,1982-12-28,90.1
21442,19475,1982-06-25,5000.0
21442,21443,1980-07-01,1497.0
21442,21443,1988-02-12,1497.0
21442,21443,1973-05-01,1497.0
21442,21443,1983-05-04,1497.0
21442,21443,2015-08-20,1497.0
21442,21443,1989-01-29,1497.0
21442,18444,1971-01-09,5000.0
21442,18444,2017-02-01,5000.0
24025,19063,1977-08-07,900.0
24025,19063,2014-05-05,100.0
22628,24026,1993-11-11,5500.0
22628,19336,1995-03-28,5000.0
22628,22629,1994-10-27,5000.0
22628,22629,1995-01-03,5000.0
24033,19615,2001-03-26,1497.0
24033,19615,1970-03-25,1497.0
24033,28657,2012-08-21,1497.0
24034,24035,1989-06-17,1100.0
24034,27490,1976-08-03,1000.0
24034,27490,1986-07-31,1000.0
24035,30980,1972-11-08,1500.0
23492,24040,2011-06-20,1500.0
23492,23493,2016-04-11,1500.0
23492,20072,2004-02-09,1500.0
23492,20072,1994-04-27,1500.0
23492,23127,1970-10-09,1500.0
23492,31630,2009-07-14,1500.0
24041,20509,2004-06-20,1500.0
24041,24614,1980-05-21,1500.0
24041,20510,1986-07-04,1500.0
24041,35268,1995-04-02,1500.0
20509,20510,2008-07-04,1500.0
20509,26588,1979-03-12,1500.0
20509,35016,1988-12-02,1500.0
24057,24058,1974-08-18,50.1
24057,34847,1971-09-19,20.1
24057,33292,1998-11-12,30.1
24057,31954,1997-12-09,140.0
24057,31954,1977-03-12,30.1
24057,25176,1978-12-05,1955.0
19443,22659,1973-06-17,1495.0
19443,27043,2003-04-23,1497.0
19443,28657,1999-08-20,1497.0
19443,28657,2013-02-27,1497.0
19443,21470,2001-01-30,5000.0
19443,19444,1993-05-23,1400.0
22659,18198,1985-01-21,1490.0
22659,18198,1971-06-15,1497.0
22659,24533,1992-12-06,1497.0
19997,19413,1980-02-10,3000.0
19997,26554,2001-10-29,2000.0
19997,19715,2015-03-19,1000.0
19997,19715,2003-05-29,1000.0
19413,26554,1997-07-21,3000.0
24084,24085,1984-07-11,100.0
24084,27858,1982-10-24,95.1
24084,32624,2012-07-23,50.0
24084,24622,1978-08-24,2000.0
24084,24622,1976-06-25,1000.0
24084,24622,1978-11-15,95.1
24084,27112,1979-12-21,100.0
24084,27112,1992-03-21,60.0
24084,34628,1976-07-29,100.0
24084,33062,2002-12-13,45.1
24100,18610,1988-06-27,5000.0
24100,24497,2007-06-29,5500.0
19987,24105,1970-10-26,698.0
19987,19595,2010-08-10,2938.0
19987,19039,1998-09-19,1122.0
19987,19039,2010-05-10,1122.0
19987,20878,1992-06-27,2338.0
18684,20589,1972-06-13,1000.0
18684,20589,1998-10-16,1000.0
18684,19413,1975-07-13,2960.0
18684,19413,2017-10-29,2960.0
18684,19413,1975-06-25,1600.0
18684,19413,2010-02-26,1600.0
18684,19413,2002-03-01,3000.0
18684,19413,2009-09-23,2938.0
18684,19413,1993-05-24,3000.0
18684,18685,2015-01-28,2600.0
21308,24122,2009-07-01,1465.0
21308,24122,1971-12-05,5000.0
21308,24122,2013-04-18,1500.0
21308,21309,1993-12-10,1465.0
21308,21309,1971-05-12,1465.0
21308,27131,1972-01-02,1500.0
21308,27265,1992-12-15,3000.0
21308,27265,1989-09-12,3000.0
21308,18388,1972-10-11,1500.0
21308,26959,1985-05-12,1500.0
21308,26959,2001-03-12,1500.0
21308,25602,1987-03-14,1500.0
24133,24134,1981-01-28,5000.0
24133,28366,1995-11-18,5000.0
19639,19709,2013-11-19,100.0
19639,19709,1980-08-19,1500.0
19639,19709,2002-12-02,90.0
19639,19709,1980-05-06,50.1
19639,19709,2000-04-12,45.0
19639,19709,1989-09-29,20.1
19639,19709,2005-05-10,45.1
19639,19709,1979-07-07,100.0
19639,19709,1999-04-01,50.1
19639,19709,1988-02-20,35.1
19639,19709,1980-06-17,230.01
19639,19709,1974-11-05,100.0
19639,22738,2014-08-03,300.0
19639,22738,2016-01-03,1400.0
19639,22738,1992-03-12,1200.0
19639,32516,1983-11-12,20.1
19639,24736,2005-12-24,80.0
19639,23490,1991-09-10,30.0
19639,23490,1991-03-17,20.1
19639,23490,2006-09-01,95.1
19639,25600,2017-04-11,172.1
19639,22683,1980-09-08,100.0
19639,22683,2012-02-01,100.0
19639,22683,2011-11-04,20.1
19639,22683,1975-04-30,30.1
19639,30138,1982-11-09,1000.0
19639,30138,2002-12-13,47.1
19639,25125,1972-04-08,40.1
19639,25125,1982-10-12,80.1
19639,25125,2013-01-30,20.1
19639,25125,2014-09-09,25.1
19639,19640,2001-10-05,250.0
19639,24881,1977-11-29,89.1
19639,34387,2016-06-12,40.1
19639,33066,1974-09-09,200.0
19639,25188,1985-08-25,20.1
19639,22470,2010-04-26,500.0
24149,17898,1979-11-09,2676.0
27682,27683,1985-05-11,1500.0
27682,27683,2017-10-26,1500.0
27682,20072,2014-09-10,1500.0
27682,20072,1986-12-07,1500.0
27682,20072,1989-03-28,1500.0
27682,20072,1994-05-29,1500.0
27695,17936,2004-08-31,5500.0
27695,24496,1976-07-03,5500.0
24746,27696,1970-01-23,1497.0
24746,24747,1983-04-09,1500.0
24746,21896,1994-11-02,1497.0
24746,20399,1977-11-24,1497.0
26473,23892,2014-04-21,5000.0
26473,27825,2006-02-13,5000.0
26473,22629,1982-05-03,5000.0
19072,27709,1997-06-26,700.0
19072,19073,2006-04-03,200.0
19072,19073,1971-04-15,95.0
19072,28701,1994-03-14,2360.0
19072,28701,2018-06-15,1300.0
19072,28701,1993-04-17,2300.0
19072,22647,1975-10-02,70.0
19072,22647,2012-05-13,70.0
19072,23316,1973-12-21,100.0
19072,23316,2013-10-11,95.1
19072,30714,2016-08-06,70.0
19072,31006,1984-09-06,120.0
19072,23530,2007-11-26,160.0
19072,31793,2011-05-27,100.0
19072,19586,1997-07-05,350.0
27711,27712,1975-05-11,5000.0
27711,27712,1986-11-19,5000.0
27711,27782,1999-01-20,1497.0
27711,27782,2006-06-05,1497.0
27711,32820,2004-01-04,5000.0
27711,32820,1998-06-11,5000.0
27711,34972,1983-07-03,5000.0
19594,20039,2000-03-12,3000.0
19594,20039,1972-09-12,3000.0
19594,19595,2007-11-20,3000.0
20039,1164,2013-04-22,2940.0
20039,5693,1986-07-02,2940.0
20039,6550,2016-04-04,365.0
27721,17934,2012-11-14,5500.0
27721,17934,1977-08-30,5500.0
27721,21138,1994-03-15,5500.0
20595,21732,2016-09-05,350.0
20595,21732,1974-04-19,920.0
20595,21732,1975-06-15,50.0
20595,21732,1979-05-03,290.0
20595,21732,1998-06-24,280.0
20595,21732,2006-12-26,870.0
20595,21732,1973-09-17,250.0
20595,21732,1998-02-23,220.0
20595,21732,2010-06-03,1150.0
20595,21732,1991-06-16,220.0
20595,21732,2016-01-30,600.0
20595,21732,2008-06-21,1000.0
20595,21732,1975-05-11,1000.0
20595,21732,1981-04-21,700.0
20595,21732,2015-10-14,100.0
20595,21732,1999-11-19,330.0
20595,21732,2015-02-06,200.0
20595,21732,2017-10-19,150.0
20595,21732,1984-01-23,970.0
20595,21732,1973-06-11,70.0
20595,21732,1989-08-13,600.0
20595,20595,1976-01-01,0.01
20595,30614,1985-08-09,100.0
20595,30614,2004-05-21,70.0
20595,30614,2001-03-09,65.1
20595,26483,2017-07-14,250.0
20595,26558,1988-02-01,400.0
20595,22470,1989-05-07,820.0
20595,32759,2004-10-30,800.0
20595,32759,1991-11-06,950.0
20595,34367,2015-11-12,200.0
27783,22640,1992-05-31,5500.0
27783,20295,1994-02-04,5500.0
27783,18327,2002-03-16,5500.0
21147,27785,1986-03-13,3288.0
21147,21259,1997-06-02,2000.0
21147,21259,1982-11-21,2000.0
21147,19997,1971-11-04,2000.0
21147,18229,1993-09-02,2838.0
21147,17898,1998-12-30,2000.0
27785,33833,1971-07-26,1246.0
27788,18219,2013-09-11,5500.0
27788,21138,2011-01-30,5500.0
24546,20625,2010-11-06,5500.0
24546,20625,2009-08-07,5500.0
24546,20625,2013-10-25,5500.0
27794,19328,1995-03-12,5500.0
27805,27806,1971-09-26,5000.0
27805,20005,2011-10-01,1500.0
27805,29761,1992-05-24,5500.0
26495,24901,1994-05-12,1500.0
26495,26496,2014-10-07,5000.0
26495,26496,2011-12-07,5000.0
26495,18710,1998-07-10,1500.0
17947,27814,1977-01-19,5000.0
17947,17948,1999-07-31,5000.0
17947,17948,1994-07-23,5000.0
17947,17948,2017-12-14,5000.0
17947,17948,1973-10-15,5000.0
17947,24134,1996-09-24,5000.0
22833,27822,1971-05-05,100.0
22833,29488,1992-07-02,100.0
22833,24576,2013-06-22,80.1
22833,23311,2005-06-12,65.1
22833,34525,2017-01-06,425.0
22833,19505,2004-03-23,2292.28
22833,22834,1990-09-08,4000.0
22833,31042,1986-11-03,967.0
22833,24003,1996-04-11,967.0
22833,25176,1973-08-24,192.1
22833,33853,2008-09-12,55.1
27823,26011,1982-10-31,5000.0
27823,26011,1982-12-06,1500.0
27824,27825,1997-02-28,3000.0
25091,27520,1970-03-10,230.0
25091,27520,1986-07-10,3500.0
25091,34969,1971-10-17,2000.0
25091,33553,1993-04-22,75.1
25091,25092,2003-01-28,142.1
25091,25197,1984-11-10,95.1
25091,35275,2014-10-11,142.1
21931,18327,1989-07-30,5500.0
21931,24342,1989-08-06,5000.0
21931,25911,2000-11-07,5000.0
21931,25911,1988-08-14,5000.0
21931,21932,1999-02-08,5000.0
21931,21932,2018-03-09,5000.0
21931,17904,1977-05-05,5000.0
21931,24496,1973-06-02,5500.0
22215,20460,2010-12-20,5000.0
22215,32214,2000-08-28,5000.0
22215,18628,1977-02-02,5000.0
22215,18306,1998-09-13,5000.0
22215,20524,1970-08-18,5000.0
21329,21330,2015-08-10,774.0
21329,21330,1991-02-01,95.1
21329,21330,1977-11-21,80.0
21329,21330,2017-03-05,2500.0
21329,21330,1986-01-11,2000.0
21329,22592,1990-02-09,45.1
21329,21417,2011-09-03,80.0
21329,35172,1983-03-15,2442.5
27861,27862,1992-11-14,5000.0
27861,24690,1978-02-16,1500.0
27893,21443,1982-09-14,1497.0
27893,21443,1998-02-12,1497.0
27893,21443,1976-03-13,1497.0
25726,26554,1988-11-29,2500.0
25726,25727,1976-12-08,2500.0
25726,25727,1978-07-29,2500.0
27914,26118,2006-11-14,1000.0
22222,25108,2002-07-22,1500.0
22222,25108,1989-12-02,1500.0
22222,20510,2006-09-14,1500.0
22222,20510,2017-08-17,1500.0
22222,20510,1971-10-13,1500.0
22222,20510,1992-11-12,5000.0
22222,24614,2015-07-02,1500.0
22222,24614,1982-07-12,1500.0
22222,24614,2002-03-05,1500.0
22222,18556,1985-03-11,1500.0
22222,18556,2000-08-01,1500.0
24484,24747,1987-12-12,1500.0
24484,24747,1993-02-01,1497.0
24484,18297,1990-07-28,1500.0
24484,18297,1984-02-07,1500.0
24484,18628,2003-09-17,5000.0
24484,18628,1976-02-17,5000.0
24484,20524,2013-09-16,5000.0
24747,27696,1990-08-09,5500.0
20581,20562,1998-07-03,1500.0
20581,20562,2013-03-09,1500.0
20581,20562,2007-07-14,1450.0
20581,20562,1989-08-06,1500.0
20581,20562,2013-08-24,1500.0
20581,20562,2001-05-29,1500.0
20581,20562,1975-03-11,1500.0
20581,20562,2010-08-16,1500.0
20581,20562,1976-02-11,1500.0
20581,20562,2005-09-16,1500.0
20581,20562,1995-04-21,1500.0
20581,20562,1980-11-22,1500.0
20581,20562,1999-07-08,1500.0
20581,20562,2010-02-26,1500.0
20581,24614,1979-07-21,1465.0
20581,24614,1989-08-02,1465.0
20581,18215,1987-04-20,1500.0
27939,27027,1991-04-20,1500.0
27939,27027,1985-08-20,1500.0
27939,27027,2008-01-07,5000.0
27939,29761,1977-11-27,5500.0
18709,24901,2006-01-16,1500.0
18709,24901,1982-09-21,1500.0
18709,18710,2000-12-28,1500.0
18709,28479,2008-05-07,5000.0
27953,19595,2014-09-30,2000.0
18214,18215,2000-01-06,1500.0
18214,18215,1998-12-11,1500.0
18214,18215,1970-06-25,5000.0
18214,18215,1972-05-31,1465.0
18214,18215,2004-09-30,1500.0
18214,18215,2010-10-02,1465.0
18214,18215,2015-12-30,1500.0
18214,18215,1970-05-14,1440.0
18214,18215,1994-06-26,1500.0
18214,18215,1977-06-23,1500.0
18214,18276,1979-02-07,1500.0
18214,18276,1990-10-18,1465.0
18214,18276,1981-06-22,1500.0
18214,18276,2004-12-26,1500.0
18214,20562,1976-05-23,1500.0
18214,20562,1976-02-11,1500.0
20514,32372,1971-05-15,5500.0
18205,23732,2011-05-07,5500.0
18205,23732,1973-04-14,5500.0
18205,18206,1999-07-17,5500.0
19614,32379,1989-08-21,1497.0
19614,34032,2001-08-12,1497.0
19614,34032,1992-03-26,1497.0
19614,34032,1991-07-04,1497.0
19614,19615,1987-01-30,1497.0
19614,19615,2007-04-19,1495.0
19614,33342,1998-08-12,5500.0
19614,33342,1997-09-12,5500.0
19614,20284,2000-08-29,5000.0
19614,20284,1991-03-19,5000.0
19614,21470,1985-09-26,1497.0
32380,27064,1989-05-27,1700.0
25420,19595,1986-12-23,2000.0
25420,19595,2006-02-05,2000.0
25420,19595,1970-10-04,2000.0
25420,19595,1994-01-19,2000.0
20373,23127,1996-04-23,1500.0
20373,23127,1985-11-10,1500.0
20373,20374,2015-06-14,5000.0
20373,33461,1984-08-26,1500.0
20373,34227,2015-07-29,1500.0
24295,24296,1972-03-27,5500.0
24295,24296,1979-09-07,5500.0
24295,32870,2001-03-23,5500.0
18306,24484,1995-11-14,5000.0
18306,18628,2015-04-16,5000.0
18306,24296,1984-08-07,5500.0
18306,32214,2002-04-18,4000.0
18306,20460,1983-10-27,5000.0
18306,18307,1992-10-03,1500.0
18306,23932,1988-12-28,5000.0
21203,24297,2017-07-25,1400.0
21203,24297,1995-08-05,1400.0
21203,21204,2014-01-13,1500.0
21203,22445,1973-03-01,1200.0
32399,26077,1970-05-29,1750.0
32399,26077,2002-01-16,1750.0
21105,18388,1985-04-07,1500.0
21105,18388,2017-12-25,1500.0
21105,18388,2015-09-30,1500.0
21105,18388,1971-01-14,1500.0
21105,18388,1982-05-30,1500.0
24326,24327,1971-12-14,5500.0
24326,24327,2015-09-06,5500.0
20061,32406,1982-11-21,550.0
20061,20062,1992-02-14,75.1
20061,25931,1972-11-01,95.1
20061,34593,2014-09-11,596.0
20061,24015,1994-01-30,200.0
20061,24015,2016-03-19,867.0
20061,33063,1990-07-27,1555.0
20061,29366,2000-12-02,50.0
20061,17946,1983-06-27,90.1
20061,33948,1992-05-27,61.1
20061,22816,2014-02-19,192.1
29417,17934,1973-07-25,5500.0
29417,18610,2004-06-30,5500.0
31874,27131,1972-06-05,1500.0
31874,27131,1976-09-08,1500.0
24701,32461,1987-07-21,5000.0
24701,24702,1993-09-23,5500.0
30107,32464,2016-01-15,1497.0
30107,25049,2014-01-04,1000.0
30107,21134,2013-07-03,1497.0
30107,30108,1974-12-17,5000.0
31959,32466,1983-08-03,5500.0
31959,20535,2006-12-10,1000.0
31959,34536,1976-04-17,5000.0
31959,31960,2002-08-21,1000.0
31959,32867,2006-12-08,3000.0
31959,34393,1990-02-15,1000.0
31959,35240,1986-11-01,1000.0
32476,23954,1970-03-03,5500.0
31670,25128,1976-10-11,1500.0
31670,25128,1980-08-29,1500.0
31670,20898,1987-01-14,1500.0
18177,27488,1988-10-17,5000.0
18177,27488,1975-11-23,5000.0
18177,27488,1993-02-01,5000.0
18177,34679,1996-08-15,800.0
18177,24747,1996-07-18,5000.0
18177,18178,2015-09-22,1497.0
18177,27696,1985-09-11,1495.0
27488,27712,1999-08-22,5000.0
27488,27489,1992-07-04,5000.0
29876,32486,2015-03-19,1497.0
29876,29877,1999-10-30,1500.0
32487,27084,1971-12-13,5000.0
18672,21204,2004-10-24,400.0
18672,18673,2012-02-01,200.0
30905,22005,2005-01-02,5500.0
30905,22005,1977-02-28,5400.0
20459,20524,1987-10-14,1500.0
20459,20524,1989-07-09,5000.0
20459,20460,1991-08-11,5000.0
20524,27084,1996-01-10,5000.0
20524,20460,1990-01-26,5000.0
20524,20460,2015-02-21,5000.0
20524,24669,1978-12-29,5000.0
20478,32558,2017-07-18,55.0
20478,20479,1970-02-12,85.0
20478,33370,2011-07-04,3010.0
20478,26680,2016-09-02,4886.95
20478,26680,1994-02-12,1300.0
20478,26680,2010-06-27,4886.95
20478,26680,1977-05-06,1300.0
20478,26680,2008-05-03,3910.0
20862,26606,2001-05-18,904.0
20862,26606,1975-12-25,1000.0
20862,26606,1971-06-13,500.0
20862,33057,2015-12-17,1000.0
20862,33057,2011-10-10,1000.0
20862,33057,1988-03-25,500.0
20862,20863,2011-12-22,1050.0
20862,19495,1976-06-13,600.0
32586,32587,1976-10-02,5000.0
32586,32587,1990-09-29,5000.0
22879,31689,2002-01-25,2000.0
22879,31689,2011-11-14,200.0
22879,31689,1994-04-14,100.0
22879,34677,2005-06-12,1000.0
22879,22880,2010-06-25,50.1
22879,19638,2018-01-07,150.0
24900,27457,1970-12-08,1497.0
24900,18709,2008-08-31,1500.0
24900,24901,2012-07-30,1000.0
24900,24901,1981-12-28,1500.0
24900,18710,2016-01-28,1500.0
24900,22755,1977-05-14,1497.0
24900,31921,2017-05-18,1000.0
19533,19534,2013-12-16,1000.0
19533,19534,1973-05-14,1500.0
19533,19534,1981-07-17,1500.0
19533,19534,2015-06-07,1500.0
19533,19534,2004-09-08,1500.0
19533,19534,2000-07-31,1500.0
19533,29372,1972-09-13,1500.0
26073,27380,2000-10-25,1500.0
26073,27380,2004-08-27,3000.0
26073,26074,1995-08-12,1500.0
26073,22106,1980-05-31,1500.0
32614,27027,2010-09-28,5000.0
31600,19534,2011-01-18,2000.0
31600,19026,1971-01-05,1000.0
22751,22778,2006-02-16,5500.0
22751,22778,1997-02-01,5000.0
22751,22752,1983-02-20,4500.0
22778,22752,2016-12-25,5000.0
25536,23142,2015-03-15,5500.0
25536,22011,2008-07-06,5500.0
25536,25537,1970-04-07,5500.0
25647,20588,1977-12-18,2269.67
25647,20588,2010-05-30,2471.53
27593,13134,2012-02-25,319.0
27593,16901,1981-04-02,2000.0
27593,14389,1972-08-03,2000.0
27593,11369,1977-07-19,1850.0
27593,15235,1984-10-11,1698.0
27593,8000,1971-01-25,1700.0
18228,13174,1986-04-09,3000.0
18228,24490,1996-01-29,3000.0
18228,4040,1984-02-09,1500.0
18228,5333,1994-11-20,2940.0
18228,18229,1999-10-23,2738.0
18228,18229,2018-05-25,2738.0
18228,17317,2011-08-19,2940.0
18228,6785,1986-08-05,1500.0
18228,10975,2009-05-16,200.0
18228,19997,1999-09-29,1200.0
18228,19997,2013-08-17,1808.0
18228,2529,1995-04-22,2940.0
18228,6163,2008-10-22,969.0
18228,14772,2012-04-21,2940.0
18228,19413,1972-10-16,2438.0
18228,4992,1982-03-09,2675.0
18228,4993,1998-05-19,2675.0
18535,13264,2009-04-20,1750.0
18535,3165,1988-06-06,2400.0
18535,1218,2001-11-26,2000.0
18535,11007,1988-12-07,1014.0
18535,14116,1988-09-23,2400.0
18535,4808,2009-10-24,2000.0
28844,21259,1971-01-23,3250.0
28844,21259,1987-02-05,3250.0
28844,17898,2007-03-02,2906.0
24899,28860,1995-07-05,5000.0
24899,26013,1993-02-12,5000.0
24899,30787,2005-12-30,3000.0
24899,22106,2001-11-18,5000.0
26186,28862,2009-01-05,4000.0
26186,21357,1973-03-28,5000.0
26186,31405,1986-05-22,5000.0
19996,19997,1999-10-08,2900.0
19996,19997,1980-03-11,2900.0
19996,19997,1985-05-27,2960.0
19996,19997,2014-07-26,2960.0
20002,17936,1997-05-29,5500.0
20002,17936,1982-06-15,5500.0
20002,21138,1995-01-16,5500.0
28877,18206,1973-12-08,5500.0
28877,34028,1972-12-24,5000.0
21728,23127,1978-01-02,1500.0
21728,20865,1990-12-13,1500.0
21728,20865,1994-02-09,1500.0
21728,20865,1990-09-11,1500.0
21728,26814,1980-12-22,1500.0
22445,8151,2014-10-22,1500.0
22445,31074,1989-09-01,1500.0
25897,18610,1997-08-15,5500.0
25897,19026,1996-04-30,5500.0
28973,19356,1977-07-10,2420.0
21667,18276,2001-01-26,1500.0
21667,20562,1979-11-24,1500.0
21667,20562,2018-03-16,1500.0
19476,22640,1994-07-17,5500.0
19476,17934,2009-07-14,5500.0
21397,22104,1989-02-17,1000.0
21397,26651,1995-09-21,3983.65
21397,21398,1985-11-07,3000.0
21397,32746,1991-05-28,3000.0
21397,32746,1972-06-30,1000.0
21159,21940,1982-09-24,1500.0
21159,32295,1996-07-01,1500.0
21159,21160,2014-06-04,1500.0
21159,21160,1977-10-29,1500.0
21159,21160,2018-06-11,1500.0
21159,21160,1997-12-26,1500.0
21159,21160,2004-03-29,1500.0
21159,28269,1977-06-13,1500.0
21159,30271,1979-08-02,5500.0
25526,28990,2001-05-11,1492.0
25526,27043,2013-11-02,1495.0
25526,27043,2017-01-31,1495.0
25526,23785,2003-03-19,1497.0
25526,22659,1990-08-06,1497.0
25526,22659,2017-03-07,1497.0
25423,23732,2012-11-26,5500.0
25423,19984,2011-11-25,5500.0
29037,18690,1978-06-12,5500.0
29046,29047,2015-01-12,5500.0
29046,22212,2013-03-23,5500.0
29046,34215,1985-04-11,5000.0
19355,29048,1973-02-22,1000.0
19355,29048,2015-09-09,1000.0
19355,20862,2015-10-24,250.0
19355,19356,1979-09-10,600.0
18198,20067,2001-09-14,1497.0
18198,20067,2000-10-10,1497.0
18198,20067,1980-03-14,1497.0
18198,24533,2015-03-13,1490.0
18198,24533,1994-03-11,1497.0
18198,18209,1983-01-14,1498.0
29068,27559,1997-07-03,1500.0
29068,17903,1978-04-07,5000.0
29068,24339,2009-07-23,5500.0
24614,26589,2012-04-08,1465.0
18555,25108,1991-09-10,5000.0
18555,25108,1984-05-14,1500.0
18555,25108,1972-05-12,1500.0
18555,25108,1971-10-20,1500.0
18555,25108,1980-11-21,1500.0
18555,18556,1990-04-04,1500.0
18555,23943,2008-03-04,700.0
29093,18610,1990-02-17,5000.0
29093,18327,1978-04-24,5500.0
19520,19984,2014-01-06,5500.0
19520,18206,1982-04-06,5500.0
19520,22005,1991-09-14,5500.0
27439,21699,2005-07-10,5500.0
27439,21699,2015-01-09,5500.0
26588,26589,2005-01-09,1500.0
26588,26589,2008-02-26,1500.0
21692,20878,2000-12-10,3000.0
21692,21947,1993-05-03,1960.0
21692,21947,2015-02-13,1960.0
21692,31998,1977-12-10,371.0
21692,21693,2014-06-22,4100.0
27521,29140,1997-02-14,3000.0
27521,20039,1982-09-16,2500.0
27521,20039,2012-01-14,2500.0
27521,27522,2010-12-15,1200.0
19637,19638,2000-01-02,160.0
19637,19638,1995-12-10,150.0
19637,19638,2000-12-14,95.1
19637,19638,1986-11-03,65.1
19637,20447,2015-08-19,100.0
19637,20447,2011-09-21,917.0
19637,20475,2016-10-20,142.1
19637,20475,1993-09-19,900.0
19637,20475,1994-07-29,45.1
19637,20475,2018-06-02,50.0
19637,20475,2004-10-31,40.0
19637,33187,1979-09-20,60.0
19637,26012,1990-06-05,50.1
19637,26012,1984-09-16,65.1
19637,26012,1988-08-07,50.0
19637,26012,1990-05-30,70.1
19637,26012,1990-04-28,70.1
19637,26012,2014-07-12,142.1
19637,26012,2009-09-07,100.0
19637,21972,1984-01-29,130.0
19637,21972,1979-11-23,600.0
19637,34525,2003-08-11,100.0
19637,31103,2009-10-03,45.1
19637,31796,1984-03-02,57.1
19637,31796,2005-02-19,90.0
19637,32026,2008-01-30,90.0
19637,21099,2010-02-27,65.1
19637,21338,1997-08-02,200.0
20861,29208,2001-07-05,2700.0
20861,29208,2014-03-06,2700.0
20861,10221,1977-02-23,2750.0
20861,15293,2012-06-05,2810.0
24465,29232,2013-05-07,5000.0
24465,29232,1977-01-15,5000.0
24465,24466,1991-04-16,5000.0
24465,21932,1993-11-17,3000.0
29233,19595,2009-10-29,3250.0
29233,19595,2003-02-21,3250.0
20896,20078,2006-10-23,2900.0
20896,20078,2005-10-09,2900.0
20896,20039,1995-03-02,2100.0
20896,20039,1993-11-05,2100.0
20896,21416,1977-05-28,2900.0
21176,17934,1987-05-26,5500.0
21176,21138,2004-09-11,5500.0
25743,18178,1999-02-04,1495.0
25743,18178,1999-04-27,1497.0
25743,18178,2010-01-20,5500.0
25743,18178,1987-01-01,1497.0
25743,18178,1997-09-08,1497.0
25743,21130,2003-05-09,5000.0
18178,21196,1995-07-17,5500.0
18178,21196,1993-03-27,1495.0
29328,22586,2003-01-31,1500.0
29329,27380,1986-09-05,1500.0
24498,21138,1982-02-21,5500.0
24498,23954,1997-12-25,5500.0
24498,24496,2016-04-23,5500.0
24502,29338,2016-01-16,1236.0
24502,19356,1995-12-06,1346.0
24502,29735,1993-06-08,2238.0
24502,18672,1996-03-14,1200.0
20067,25526,1996-12-16,1497.0
20067,25526,1990-02-07,1495.0
20067,22659,1971-06-27,1497.0
20067,26911,2012-11-17,1497.0
20067,27043,1984-01-17,1497.0
26530,24901,1975-09-21,1500.0
26530,31332,1997-04-24,1300.0
26530,26531,1980-04-26,5000.0
26530,26531,2016-04-30,5000.0
23125,26924,2006-05-31,50.0
23125,26924,2012-07-10,200.0
23125,26924,1970-08-20,215.0
23125,26924,1982-09-25,130.0
23125,26924,1992-01-05,45.1
23125,26924,1988-02-09,200.0
23125,26924,1986-04-26,162.1
23125,26924,2008-06-09,1990.0
23125,23126,2006-03-11,1000.0
23125,26010,2001-06-25,1005.0
26497,20460,1978-02-22,1500.0
26497,20460,1973-12-22,5000.0
26497,23932,1974-03-29,5000.0
27558,29351,1985-02-23,5000.0
27558,27559,1989-09-30,1500.0
23421,23732,1996-01-31,5000.0
23421,20872,2016-03-25,5500.0
23421,20625,1989-06-16,5000.0
29361,20625,2009-09-03,5500.0
29378,22629,2009-05-03,5000.0
28728,19301,1995-01-09,1446.0
28728,28729,1984-01-07,2938.0
26678,22778,1973-09-01,5500.0
26678,18580,1987-07-22,5000.0
26678,26679,2005-10-24,5000.0
19274,25537,1991-03-29,5500.0
19274,19275,2011-05-03,5500.0
19274,21314,1982-12-21,5000.0
19274,18365,1986-06-03,5500.0
19274,18365,1983-07-21,5500.0
22639,17936,1971-10-05,5500.0
22639,22640,2003-08-23,5500.0
29427,17936,1981-02-06,5500.0
29427,24496,1981-04-06,5500.0
29433,24684,2015-10-28,5000.0
25567,29437,1983-01-11,1336.0
25567,18535,2015-07-26,1306.0
25567,24035,2017-07-06,418.0
25567,18204,1998-12-04,500.0
25567,31731,2003-02-02,1938.0
25567,25568,2012-02-09,1688.0
29457,23983,2004-11-12,2150.56
29457,27515,2013-10-07,285.0
29457,33805,2008-06-19,368.0
20542,29465,2015-03-20,100.0
20542,20543,2015-06-11,95.1
20542,30528,1974-07-24,1985.0
20542,21374,1982-10-28,45.1
25085,18217,1998-03-23,5000.0
25085,31923,2012-01-13,5000.0
25085,25086,2015-11-04,5500.0
25085,25086,1984-05-07,5500.0
19612,18444,1979-10-21,5000.0
19612,19613,1999-08-31,1000.0
19612,19613,1971-03-12,1000.0
19612,29711,1992-03-08,5000.0
19612,29711,1984-12-15,5000.0
19495,24895,1992-12-05,1300.0
19495,24895,1978-04-23,1550.0
19495,24895,1992-07-13,1300.0
19495,24895,2016-12-31,1100.0
19495,24895,2017-08-12,1100.0
19495,19496,2010-05-09,57.14
22103,29490,1983-08-06,4000.0
22103,35022,1970-06-19,3000.0
22103,27519,2010-07-22,2000.0
22103,26935,1987-09-25,5000.0
22103,22104,2013-09-24,1000.0
22103,34136,2013-02-07,4000.0
29496,22629,1989-04-23,5000.0
29496,22629,2015-03-19,5000.0
29496,31513,1998-08-19,5000.0
29496,19336,2016-10-05,5500.0
29503,19413,2010-01-16,2000.0
29503,21416,1986-01-05,1500.0
29503,21416,1982-08-25,1500.0
29503,24490,1971-03-16,2500.0
21390,26531,1996-03-07,5000.0
21390,21391,2013-05-09,5000.0
21390,21391,2004-11-15,5000.0
21390,33655,1988-05-27,4000.0
18609,19406,1978-06-24,5500.0
18609,18610,1987-02-11,5500.0
18392,18393,1970-03-16,245.0
18392,18393,2008-02-11,61.0
18392,18393,2001-04-14,122.0
18392,18392,2013-06-12,265.0
18392,22909,1988-10-13,611.0
18392,19625,1983-10-02,266.0
18392,30121,1989-05-20,46.1
18392,24003,1973-09-14,2003.5
24321,20033,1997-03-01,5500.0
24338,24339,1985-03-02,1500.0
24341,24342,2000-01-07,5000.0
24341,24342,1970-09-04,5000.0
24351,23732,1976-05-26,5500.0
24352,17936,2018-05-17,5500.0
24352,17936,2012-01-12,5500.0
24370,17934,1986-07-28,5500.0
24370,17934,2008-11-04,5500.0
24370,18610,2017-05-29,5500.0
24463,21176,1993-01-20,5500.0
24464,22640,1987-03-18,5500.0
24464,22640,2006-10-22,5500.0
24493,24494,2006-11-19,5000.0
24493,24494,1972-09-04,5000.0
24493,30609,2004-07-31,5500.0
24493,18580,2014-10-13,5000.0
24493,18580,1987-08-08,5000.0
24495,24496,2000-09-13,5500.0
24495,34963,2000-12-02,5500.0
24495,20295,1981-01-07,5500.0
21266,24497,2016-07-06,1500.0
21266,26011,1989-03-06,1500.0
21266,27385,1995-10-22,1500.0
21266,21267,1984-11-01,1500.0
24497,29754,2002-03-09,1500.0
19329,23989,1974-09-04,1497.0
19329,20399,1998-04-24,1497.0
19329,19330,1980-02-27,1497.0
19329,19330,1974-02-16,1497.0
19329,21130,2015-12-14,1497.0
19329,21896,1998-02-21,1500.0
19329,21896,2015-06-22,1497.0
21469,21470,1974-02-14,1497.0
21469,21470,2013-03-24,1497.0
21469,21470,2018-01-25,5000.0
21469,21470,2016-02-08,5000.0
21469,21470,2009-12-08,1497.0
21469,30768,1996-08-23,1498.0
21469,30768,1984-07-24,5000.0
24534,19558,1971-10-26,5500.0
24534,19336,1970-10-30,5000.0
24543,24544,1986-12-30,5500.0
24543,19067,2012-06-01,5500.0
24543,19067,1986-08-19,5500.0
24543,24918,1973-06-05,5500.0
24545,24546,2007-01-01,5000.0
24545,24546,1995-09-11,5000.0
24545,24546,1990-05-25,5500.0
24545,24546,1978-05-16,5000.0
24577,24578,2013-05-18,1150.0
24577,25709,2001-04-03,1450.0
24577,25709,2013-08-11,1160.0
24598,24599,2009-07-10,5000.0
24598,24690,1987-05-09,1500.0
24598,21195,1994-02-10,5000.0
24598,21195,2009-05-16,5000.0
24598,21195,2013-11-16,5000.0
24598,20374,1980-05-24,5000.0
24598,20374,1986-07-26,5000.0
24598,24747,1991-04-19,1497.0
24598,20310,1997-05-06,5000.0
20429,24603,1978-09-02,5500.0
20429,19611,1996-05-14,5500.0
20429,20310,1999-02-09,5500.0
21312,21313,1995-10-04,2000.0
21312,21313,2017-09-24,2000.0
21312,21416,2015-09-15,2960.0
21312,21416,2017-12-27,2960.0
21312,19997,1997-12-15,2100.0
21312,19997,1974-01-07,2100.0
24609,24610,1991-05-22,5500.0
24609,20310,1972-05-02,5500.0
24609,31733,2011-01-01,5500.0
24613,24614,2008-06-28,1500.0
24613,24614,1995-01-25,1500.0
24613,24614,1971-02-24,1500.0
24613,24614,1977-10-29,1500.0
24613,24614,2016-06-15,1500.0
24613,24614,1981-01-25,1500.0
24613,24614,2004-12-06,1500.0
24613,24614,2002-08-17,1500.0
24613,30806,1978-10-19,1500.0
24613,33863,1989-07-18,1500.0
24613,33863,1972-01-19,1500.0
18677,19595,2000-11-02,2876.0
18677,18678,1993-01-29,2876.0
18677,18678,1973-09-01,2876.0
18677,21691,1972-06-18,3000.0
18296,24669,1976-04-19,5000.0
18296,18297,1987-12-22,5000.0
18296,18297,1975-07-10,3000.0
18296,18297,2007-11-01,1500.0
18296,18628,1999-02-06,5000.0
18296,32824,1995-11-16,5000.0
18296,20524,1997-10-06,5000.0
24683,24684,2011-12-19,5000.0
24683,25258,1991-04-21,5000.0
24683,26368,2001-05-24,1000.0
21415,21416,2015-11-09,2876.0
21415,21416,1993-07-03,2876.0
20860,24696,2017-02-06,1200.0
20860,20861,1988-10-04,1600.0
20860,20861,1998-09-23,1600.0
18485,22816,1970-02-02,1524.49
18485,22816,1994-10-25,2000.0
18485,22816,2015-12-04,1955.0
18485,18486,1974-04-13,1855.0
18485,18486,1986-02-12,475.0
18485,18486,1982-07-22,1000.0
18485,18486,1986-11-10,721.0
18485,18486,2003-07-03,475.0
18485,27061,1979-11-09,100.0
18485,17946,2018-03-30,400.0
18485,17946,1978-09-06,305.0
18485,28711,1986-12-09,95.1
18485,33187,1986-09-19,1100.0
24699,24700,2000-07-18,5500.0
24699,18690,1978-12-03,5500.0
24724,17898,2009-12-13,2000.0
24725,20898,2007-10-06,1500.0
24730,24731,1982-08-26,95.1
24730,33393,2000-10-17,95.1
24730,26126,1979-09-27,1700.0
24730,20082,2016-04-01,1000.0
24730,32829,1980-08-17,192.1
24739,18678,1983-07-06,1876.0
24739,17898,1972-04-30,1876.0
18678,22420,1976-10-01,1100.0
18678,22420,1974-11-08,1100.0
18678,20078,1982-05-14,3500.0
18678,20078,2012-07-15,3500.0
18678,26983,1982-08-12,300.0
18678,27090,1999-10-31,904.0
20474,20367,1982-04-10,1465.0
20474,20367,2004-02-07,1500.0
20474,21284,1984-11-09,1465.0
20474,21284,2016-03-03,1000.0
20474,21284,1972-09-22,1500.0
23078,19595,1999-05-26,150.0
23078,17898,1996-02-22,1636.0
23078,17898,1989-05-27,1636.0
23095,23096,1996-10-14,5500.0
23095,30774,1982-01-24,2000.0
20864,23127,1981-01-23,1500.0
20864,20865,1991-06-25,1500.0
20864,20865,2013-05-10,1500.0
20864,20865,2005-05-18,1500.0
20864,20865,2014-10-05,1500.0
20864,20865,2014-12-05,1500.0
20864,26814,1984-05-18,1500.0
20864,23493,1982-05-26,1500.0
20483,22011,1985-06-10,5500.0
20483,20484,1979-05-09,5500.0
23141,23142,1990-08-25,5500.0
19419,23296,2009-04-27,1500.0
19419,19420,1987-04-24,5000.0
18197,23305,2013-06-03,1497.0
18197,18198,1983-10-01,1497.0
18197,18198,1973-04-06,1497.0
18197,32941,2012-03-13,1497.0
18197,26055,1977-02-27,1497.0
23309,18219,1997-07-25,5500.0
23319,18204,1981-06-30,1538.0
23331,21932,1986-05-15,5000.0
23331,21932,2015-02-07,5000.0
23331,26821,1980-05-07,5000.0
23344,23345,1991-05-29,1500.0
23344,23345,1993-04-21,1500.0
23344,23345,2002-05-24,1500.0
23344,23345,1984-01-09,1500.0
23344,18233,1975-12-31,1500.0
23344,20367,1980-01-15,1500.0
23344,26572,1987-06-12,1500.0
23344,21284,2005-06-12,1500.0
19625,18730,2006-05-31,500.0
19625,33390,2013-06-21,95.1
23366,23367,1996-02-19,1500.0
23366,23367,1986-03-01,1300.0
23366,27380,1988-08-10,1500.0
19327,23377,1973-01-27,1500.0
19327,23377,1985-08-09,1500.0
19327,25510,1983-12-01,5000.0
19327,19328,1973-07-15,5500.0
19327,21138,1998-05-07,5500.0
21213,21134,2009-10-23,1500.0
21213,21134,1983-07-02,1500.0
21213,21134,1991-07-30,1500.0
21213,21134,1998-02-28,1500.0
21213,20633,1981-04-04,1500.0
21213,20633,2001-11-17,1500.0
21213,20633,1995-01-04,1500.0
21213,20633,1993-10-19,1500.0
21213,31990,1984-04-21,1500.0
23394,23395,2015-08-20,1135.0
18290,23420,1977-11-15,1500.0
18290,23420,1999-01-02,1500.0
18290,27814,1994-10-31,5000.0
18290,18291,2003-07-24,4000.0
18290,18291,1990-05-16,3000.0
18290,18291,1981-05-25,5000.0
18290,30186,1975-09-14,2000.0
20872,20625,2005-08-29,5500.0
23422,23423,1979-10-16,5000.0
23422,18610,1990-08-18,5500.0
23456,23457,1993-12-30,2500.0
23456,34534,2002-01-29,460.0
23456,30741,1997-04-21,1500.0
23456,26520,2015-11-13,1600.0
23456,26520,2012-01-02,95.1
23456,20485,2016-05-20,150.0
23456,34001,1979-05-20,65.0
23478,23479,1993-01-06,5500.0
23478,31669,2017-08-24,5500.0
23493,20072,1993-06-08,1500.0
23493,20072,2007-09-17,1500.0
23493,20072,1983-03-09,1500.0
23493,20072,1998-06-11,1450.0
23493,20072,1979-09-06,1444.0
23493,27683,1993-10-23,1500.0
20536,23520,2015-05-13,30.0
20536,20537,2018-02-23,3000.0
20536,20537,1972-03-27,1000.0
20536,20537,2014-03-15,1000.0
20536,20537,1998-01-09,1595.0
20536,25255,2002-07-15,2500.0
20536,25255,1979-12-01,120.0
20536,34070,1997-08-19,150.0
20536,34075,2016-05-01,60.0
22420,22421,1984-11-09,2700.0
22420,22421,1996-08-02,2700.0
20495,18204,1973-12-10,2438.0
20495,20496,1993-05-25,277.0
20495,28578,2017-12-22,2438.0
26349,23096,1983-02-21,5500.0
26349,21160,1982-12-19,1500.0
26349,21160,1975-11-05,1500.0
21735,18444,2016-07-31,1497.0
21735,18444,2013-06-09,1497.0
21735,18444,1989-03-18,1497.0
21735,18444,1998-11-21,1497.0
21735,18444,2000-03-07,1497.0
31904,17934,1974-09-13,5500.0
31904,22589,1983-02-27,5500.0
34303,17936,1978-10-13,5500.0
34303,22589,1994-09-11,5500.0
34682,20872,1980-11-19,5500.0
22465,20865,1986-07-06,1500.0
22465,20865,2008-04-21,1500.0
22465,20865,1988-11-21,1500.0
22465,20865,1980-05-21,1500.0
22465,20865,2011-06-09,1500.0
22465,23493,1976-02-29,1500.0
22465,26814,2007-03-22,1500.0
20071,20072,1983-04-07,1500.0
20071,20072,2000-02-10,1500.0
20071,23127,2003-01-23,1500.0
20071,22586,1980-06-15,1500.0
20071,22586,1971-05-12,1500.0
20071,22586,1982-05-02,1500.0
20071,22586,1999-09-27,1500.0
20071,22586,1990-06-01,1500.0
20071,22586,2015-07-13,1465.0
20071,34071,2017-07-02,1500.0
26367,34600,2000-06-29,5500.0
26367,26368,1979-04-06,1500.0
20366,18233,1997-08-01,1500.0
20366,18233,1989-12-23,1500.0
20366,18233,1972-10-24,1500.0
20366,18233,1976-01-14,1500.0
20366,18233,2003-11-09,1500.0
20366,18233,2004-03-23,1500.0
20366,18233,2003-08-17,1500.0
20366,23345,1977-05-08,1500.0
20366,20367,1973-10-23,1500.0
20366,20367,1992-09-05,1500.0
20366,20367,1995-01-04,1500.0
21104,21105,2017-06-14,1500.0
21104,21105,1988-09-06,1500.0
21104,21105,2015-03-04,1500.0
21104,21105,1979-12-08,1500.0
21104,25128,1985-07-04,1500.0
34762,27782,2017-02-17,1497.0
32819,32820,1995-03-05,5000.0
32819,32820,1980-04-04,5000.0
32819,32820,1971-07-26,5500.0
26094,31923,1999-03-23,4900.0
26094,25558,2007-11-01,5500.0
25651,31733,1974-06-14,5000.0
25651,25652,1978-03-27,5000.0
33819,34314,1971-05-22,5500.0
33819,18580,2008-09-23,5000.0
28175,31893,2004-12-26,1490.0
28175,28176,2000-10-15,1500.0
27026,19330,2006-12-05,1497.0
27026,27027,2018-03-11,5000.0
27026,29877,1989-01-12,1497.0
32253,18690,1975-05-18,5500.0
32253,23732,1975-07-10,5500.0
34789,29503,1995-11-09,2000.0
34791,28366,2016-04-12,5000.0
34799,26114,1982-09-22,5500.0
18479,18480,2009-04-15,400.0
18479,18480,1970-10-16,150.0
18479,21204,1999-05-03,1000.0
18479,34892,1996-01-23,1000.0
18479,22445,2010-08-12,500.0
28760,20633,1978-11-14,1500.0
28760,20633,1980-10-16,1500.0
28760,28761,1972-07-28,1500.0
19660,24702,1983-10-22,5000.0
19660,22629,2004-11-09,5000.0
19660,19661,2002-04-11,5000.0
19660,31720,1975-12-12,5500.0
19664,19665,1980-01-30,5000.0
19664,19665,1997-04-26,5000.0
28250,20632,1981-02-04,1500.0
28250,20632,1988-11-10,1500.0
28250,20633,2002-05-06,1500.0
20632,20633,1997-08-01,1500.0
31073,27593,1987-10-09,2501.66
31073,18535,1984-11-18,2504.17
31073,31074,2003-07-27,2500.0
19983,19984,2015-02-28,5500.0
19039,19040,1990-06-12,300.0
18304,20005,1987-06-28,1500.0
18304,18305,1976-03-15,5500.0
20032,20033,1999-08-28,5500.0
20038,20039,1991-03-01,3000.0
20038,20039,1994-05-12,3000.0
20038,20039,2011-04-19,3000.0
20063,19984,1983-01-23,5500.0
20063,19984,2008-10-24,5500.0
20063,20588,1992-09-23,600.0
20063,20588,1976-10-08,1500.0
20063,22005,1980-05-29,5500.0
20079,19595,1978-08-25,2800.0
20079,19595,1988-04-14,2800.0
20079,19595,2017-06-01,2800.0
20079,20039,2016-03-07,3000.0
20079,20039,2003-08-22,3000.0
20079,24696,1997-07-14,700.0
20265,20266,1988-06-02,1500.0
20265,20266,2006-06-17,1500.0
20265,20266,2006-04-08,1500.0
20265,20266,1981-08-22,1500.0
20265,20898,1987-03-19,1500.0
20265,30984,2004-01-03,5000.0
20265,30984,2012-06-03,1500.0
20265,25128,1973-08-10,1500.0
20283,20284,1972-11-13,5000.0
20283,20284,2008-09-17,5000.0
20283,20284,1984-08-12,5000.0
20283,33818,1994-04-04,4500.0
20294,20295,1978-07-03,5500.0
20298,20299,1995-08-01,1200.0
20298,20485,2002-12-02,2500.0
20298,20485,1999-12-14,2000.0
20298,20485,1996-07-25,500.0
20298,20485,2000-10-26,1450.0
20298,33596,2010-08-28,1075.0
20298,21417,1983-09-01,100.0
20309,20310,1994-09-16,5500.0
20338,20339,2005-11-03,5500.0
20338,20339,2007-10-21,5500.0
20338,23296,2000-02-18,2500.0
20338,31365,2004-06-23,5500.0
20338,24327,2017-02-26,5500.0
20338,31671,1993-02-27,5000.0
20354,18305,1981-12-05,5500.0
20354,30271,1971-04-07,5500.0
18305,18219,2007-09-21,5500.0
20362,18388,2004-11-22,1500.0
20362,18388,1998-05-19,1500.0
20362,18388,1978-11-06,1500.0
20362,18388,2003-09-14,1500.0
20362,34288,1982-03-25,1500.0
20399,19330,2014-08-30,1497.0
20399,18178,1972-09-06,1497.0
20399,29877,1974-09-03,1497.0
20399,24747,1971-02-11,1497.0
20399,21130,1970-03-18,1497.0
20414,20415,1970-05-05,5500.0
20445,20446,1993-08-21,1346.0
20445,21204,2016-09-19,1000.0
20445,26973,1994-08-30,2300.0
20482,19356,2004-11-02,2000.0
20482,19495,2010-11-26,1500.0
20482,35220,1988-01-04,600.0
20513,20514,2013-07-01,5000.0
20513,24321,2011-11-14,5000.0
20534,20535,1988-06-08,5500.0
20534,22212,2014-03-22,5500.0
18676,20556,1986-08-12,1500.0
18676,20556,1978-06-04,1500.0
18676,18676,1995-04-16,1500.0
20561,20562,1979-12-10,1500.0
20561,20562,1973-09-05,500.0
20561,20562,1985-10-20,1500.0
20561,22003,1972-11-28,1500.0
20569,18610,1975-02-14,5500.0
20596,18673,1996-11-26,1500.0
20596,18673,1976-01-16,1500.0
20596,21204,2005-11-22,600.0
20624,20625,2000-04-07,5000.0
20624,20625,1986-05-21,5000.0
20624,24545,1979-07-12,5000.0
20624,24545,1987-12-03,4000.0
20624,24545,1982-10-25,4000.0
20624,24545,2007-10-10,5000.0
29595,17934,1996-11-03,5500.0
29595,17934,2008-09-27,5500.0
29595,17934,2007-10-10,5500.0
29595,21138,1973-11-11,5500.0
29595,18610,1981-06-08,5500.0
18308,32114,1997-07-22,5000.0
18308,18309,2002-01-04,1495.0
18308,18309,1978-01-05,1490.0
18308,19067,2014-07-20,5000.0
18308,31893,1970-03-29,1495.0
18854,21416,1990-09-23,2000.0
18854,296,2007-07-22,3000.0
18854,18229,2013-07-17,2500.0
18854,9718,1981-04-03,3000.0
30990,30991,1989-08-16,1497.0
30990,30991,1995-03-07,1497.0
30990,31366,1985-11-02,5000.0
30990,18366,1993-09-13,5500.0
32212,32014,2010-07-12,5500.0
32014,22773,1977-02-23,5500.0
30269,22589,2015-07-12,5500.0
30269,17936,2004-05-15,5500.0
32214,20524,1998-07-22,5000.0
32217,26011,1980-03-30,5000.0
18443,18444,1988-05-11,5000.0
18443,18444,1975-03-22,5000.0
18443,18444,2009-10-21,5000.0
18443,18444,2005-06-20,5000.0
18229,21947,2000-02-06,4338.0
25763,21470,2004-05-28,5500.0
25763,27461,2006-04-26,1500.0
25763,27461,2000-05-12,1500.0
25763,25764,1971-05-24,600.0
18729,18730,2006-06-25,500.0
18729,18730,1985-01-22,500.0
18729,32005,2010-01-05,500.0
18729,34329,2007-02-20,95.1
18222,18223,1976-07-17,5000.0
18222,18223,1988-07-03,5000.0
21698,19406,1974-08-05,5500.0
21698,18610,1987-07-17,5500.0
21698,21699,1983-11-18,5500.0
21698,21699,1980-10-29,5500.0
30916,26572,2002-07-12,1500.0
30916,26572,1996-01-09,1500.0
30916,26572,1972-08-14,1500.0
19379,32294,2004-11-14,5500.0
19379,20415,1987-12-09,5500.0
19379,20415,1974-07-27,5500.0
19379,20415,1997-07-20,5500.0
19379,18365,1998-09-06,5500.0
32318,19413,1994-04-09,2500.0
19714,19715,2001-09-08,3000.0
19714,19715,1988-12-31,3000.0
19714,22866,2000-06-13,2936.0
19714,22866,2002-06-21,2936.0
33179,27595,2011-04-06,1500.0
30084,33186,1974-07-27,4000.0
30084,20535,1976-05-31,5000.0
33204,26821,2000-11-12,5000.0
19062,19063,2008-07-06,1500.0
19062,19063,1992-06-24,1500.0
19062,22445,1997-05-23,804.0
19062,22445,1991-12-09,181.0
19062,18673,1988-03-10,1000.0
19062,18673,1999-09-30,1000.0
17903,17904,2011-06-21,5000.0
17903,17904,1998-10-16,5000.0
33255,23954,2009-12-15,5500.0
33271,19328,1985-09-12,5500.0
25171,20072,2002-02-10,1500.0
25171,20072,1994-01-16,1500.0
25171,20072,2012-03-23,1500.0
25171,20072,1992-03-31,1500.0
25171,20865,1989-07-15,1500.0
25171,20865,2008-07-01,1500.0
25171,20865,2006-08-03,1450.0
25171,23127,2010-04-13,1500.0
25171,23493,1989-04-22,1500.0
33284,22474,2000-04-20,3828.0
21301,33287,1974-02-14,700.0
21301,18179,2008-08-28,1600.0
33288,30528,2004-03-07,1000.0
31314,17936,1972-01-11,5500.0
31314,22589,2008-09-11,5500.0
33291,25537,2018-02-17,5000.0
33294,20374,2011-01-24,5000.0
21939,20632,1998-12-22,1500.0
21939,20632,1979-04-24,1500.0
21939,21940,1976-04-19,1500.0
26777,23723,1999-11-20,2876.0
26777,23723,1981-04-01,2876.0
26777,26778,2018-02-17,2900.0
30115,19413,2001-01-11,1600.0
30115,29948,1995-09-07,1300.0
30267,21454,1992-07-25,581.0
22010,30268,1982-01-26,5500.0
22010,22011,2014-10-16,5500.0
30272,20898,1979-05-25,1500.0
19335,30281,1997-03-17,5000.0
19335,19336,1998-09-09,5000.0
19467,18444,1981-11-22,1497.0
19467,18444,2000-03-19,1497.0
19467,18444,1974-08-30,1497.0
29948,29948,1999-03-23,1146.0
29948,29948,2008-02-27,1146.0
30362,18690,1985-02-25,5000.0
30373,22640,2005-06-08,5500.0
30378,22640,1991-06-20,5500.0
30378,17936,2009-05-03,5500.0
30385,21176,1996-09-13,5500.0
30388,25537,1982-05-15,5500.0
30438,20878,1976-12-25,2826.0
30439,28366,2014-06-20,5000.0
30439,24134,1989-04-08,5000.0
30450,24496,1981-02-19,5500.0
30450,24496,1984-08-28,5000.0
30461,30462,1999-05-26,1500.0
30461,23305,1987-05-10,1500.0
21133,20633,1995-05-17,1500.0
21133,21134,2018-05-20,1500.0
18581,23892,1992-01-10,5500.0
18581,18582,1977-02-25,5000.0
18581,19336,2017-04-10,5500.0
18622,20535,2003-01-29,1500.0
18622,18623,2012-09-30,5000.0
18622,29232,2012-08-19,5000.0
18622,34212,1996-10-14,5000.0
18622,19067,1999-05-01,1500.0
17917,20878,2002-08-26,1300.0
17917,17918,1971-04-10,2000.0
17917,17918,1990-05-30,2000.0
17917,17918,2009-08-30,2000.0
17917,17918,2007-02-02,2000.0
17917,22474,2005-06-02,2638.0
17917,21947,1975-10-25,1346.0
19662,19717,1973-04-26,5000.0
19662,20374,2009-11-07,5000.0
19662,19663,2017-02-26,5500.0
19662,21357,1996-01-29,5000.0
19662,32587,1988-08-07,4000.0
26054,26055,2012-07-15,1497.0
26061,24495,2010-09-28,1000.0
26061,24495,1979-12-28,1000.0
22333,26077,1999-07-23,1300.0
22333,20078,1971-08-10,800.0
22333,20078,1979-08-16,800.0
22333,2190,2007-03-04,1730.0
26089,20632,1990-06-17,1500.0
26089,20632,2007-01-07,1500.0
26089,20633,1984-10-02,1500.0
26104,22778,1989-07-11,5500.0
26113,26114,2016-09-01,1500.0
26113,26114,1971-11-07,1500.0
26113,25652,2006-12-05,5500.0
26113,25652,1974-07-21,5500.0
26117,26013,1981-01-20,5000.0
26117,26013,1996-12-03,5000.0
26117,22106,1976-07-11,5000.0
26143,26144,2007-05-11,5500.0
26145,20509,2008-07-23,1500.0
26145,26588,1992-04-08,1500.0
18573,21947,2009-04-07,1900.0
18573,21947,2013-09-26,1900.0
18573,18574,2015-09-30,4500.0
18573,31806,1993-01-23,3236.0
26156,19997,2012-03-03,1938.0
26156,19413,1992-12-10,800.0
24916,20039,1974-02-05,2900.0
24916,19595,2011-04-14,2900.0
24916,19595,2010-05-30,2900.0
26183,19595,2018-01-30,2800.0
26183,19595,1987-12-20,2900.0
26183,19595,2005-08-13,2800.0
26183,18684,2002-08-27,3000.0
26197,19495,2011-05-21,900.0
31200,22212,2004-05-20,5500.0
21688,19997,2001-05-13,1000.0
21688,19997,1970-04-19,1000.0
21921,21896,2010-06-27,1497.0
21921,21922,1999-09-04,1497.0
27004,19067,1977-03-26,5500.0
27004,19067,1989-11-02,5500.0
18427,24701,2001-01-28,1497.0
18427,22659,1992-05-25,1497.0
18427,25080,1980-12-23,1400.0
31311,24918,1972-11-01,5500.0
31311,32294,2009-01-13,5500.0
31317,22640,2004-12-29,5500.0
31320,27131,2005-04-27,1500.0
26793,31342,2014-06-25,1500.0
26793,31342,1992-11-09,1500.0
26793,26572,1985-11-20,1500.0
31343,21417,2005-05-22,1550.0
31343,32783,1973-09-01,1000.0
21417,35046,1983-01-28,1000.0
31398,24533,2006-03-01,1495.0
31399,24327,1985-06-17,5000.0
18630,18580,2012-06-22,5500.0
18630,31669,2007-06-13,5500.0
31435,31436,1976-11-10,5500.0
31435,24669,1975-01-04,5500.0
21158,23892,1977-12-21,5000.0
21158,19661,2015-11-15,5000.0
18298,18299,1996-09-23,5500.0
18298,18299,2005-05-21,1500.0
18298,18299,2013-06-15,1500.0
18298,21138,1977-07-17,5500.0
29606,24327,1980-05-03,5000.0
29606,33774,1988-02-03,3000.0
29717,23954,1970-09-28,5500.0
29717,19328,1993-06-10,5500.0
29732,19301,2005-09-07,1550.0
27585,18556,2016-09-09,1000.0
27585,18556,2014-07-01,1000.0
29742,21138,1995-12-31,5500.0
29742,23423,1981-10-16,5000.0
21380,29761,1976-02-24,5500.0
21380,21381,1982-11-02,1500.0
21380,25077,1983-06-11,5500.0
21380,25077,2003-08-25,5500.0
29769,18673,2015-07-28,1200.0
29769,18673,1996-01-16,1200.0
28347,17898,1994-11-20,2880.0
28347,21416,1985-02-05,2900.0
28347,19997,2002-07-20,2900.0
28347,23723,2002-10-26,2900.0
28347,23723,2001-12-31,2900.0
28347,19665,1977-01-17,2786.0
24897,29800,1992-07-03,5000.0
24897,30768,1985-10-03,1497.0
24897,30768,1989-07-10,1497.0
24897,32798,1996-01-27,5000.0
24897,24898,1971-04-05,5000.0
29833,27027,1996-12-18,5500.0
22106,24913,1992-07-25,5000.0
22106,24913,2005-05-25,5000.0
29843,18678,1972-06-30,2336.0
29843,18678,1996-10-24,1836.0
29853,22104,1976-03-31,1000.0
29853,22104,1982-10-27,1000.0
29853,26114,2003-01-13,1500.0
29853,33441,2009-12-29,1000.0
29853,32746,2011-11-17,1497.0
29853,32746,2001-03-31,1000.0
29853,31733,1975-12-03,5000.0
22858,19984,2018-02-14,5500.0
22858,22859,2011-01-03,5000.0
22858,22859,1985-07-12,5000.0
22858,22859,1996-02-06,5500.0
22858,24700,1976-04-13,5500.0
34440,17936,2011-01-10,5500.0
34440,18610,2011-05-14,5500.0
33614,33614,1975-09-20,1024.0
33614,33614,1990-03-14,1024.0
33614,24105,2007-12-15,3000.0
27372,33102,2004-10-05,1500.0
27372,33102,1979-02-18,1500.0
27372,27131,1973-08-04,1500.0
27372,27131,1971-11-23,1500.0
27372,27131,1991-09-06,1500.0
25692,18488,1976-09-13,1441.2
27055,18327,2007-08-31,5500.0
27055,18610,2005-04-25,5000.0
26684,24296,2003-03-26,5500.0
26684,24296,1970-10-02,5500.0
33716,23732,1993-07-25,5500.0
33716,20588,2005-01-10,3000.0
22658,18309,2013-07-16,1497.0
22658,31893,2017-09-11,1490.0
22658,22659,2013-02-23,1495.0
19453,25627,1997-02-12,1500.0
19453,25627,1970-10-20,1500.0
19453,19454,1973-09-25,1500.0
19453,19454,2007-05-27,1500.0
19453,19454,2018-02-24,1000.0
19453,19454,1993-08-26,1500.0
19453,19454,1982-02-17,1500.0
19453,18233,2000-12-18,1500.0
19453,31514,2015-10-13,1500.0
19453,21157,1972-09-24,1500.0
32940,34580,1981-05-01,1500.0
32940,32941,1970-08-16,5000.0
19504,34581,2011-11-30,100.0
19504,19505,1989-08-11,1000.0
19504,19505,2013-04-24,4000.0
19610,34600,1999-09-09,5500.0
19610,24603,1986-02-27,5500.0
19610,19611,1970-04-28,5500.0
21315,19301,1982-06-06,1000.0
21315,19301,2001-04-01,500.0
21315,19301,1976-07-12,500.0
21315,19301,1996-10-22,1000.0
21315,20862,1994-10-29,300.0
21315,20862,1973-05-05,70.0
21315,20862,1984-10-21,337.1
34606,30596,2013-01-12,5500.0
34607,19063,1972-02-05,350.0
26342,27248,2005-01-31,2126.0
26342,19413,2015-04-19,2900.0
18418,34631,1976-07-02,132.1
18418,26608,1993-11-13,1655.0
18418,18419,1985-10-23,192.1
18418,21188,1981-05-06,380.0
18418,21188,1989-01-06,1000.0
18418,19586,2008-09-07,295.0
18418,26118,1983-05-20,100.0
30592,18223,1983-11-16,5000.0
30592,27027,1989-10-24,5000.0
30592,34151,1978-07-31,5000.0
26335,30596,1971-03-28,5500.0
26335,25652,2005-09-22,5500.0
21691,20039,2011-12-23,970.0
18275,18276,1981-01-01,1500.0
18275,18276,1986-01-08,1500.0
18275,18276,2007-12-31,1500.0
18275,18276,2003-10-12,1500.0
25166,20632,2004-09-26,1500.0
25166,20632,2009-12-02,1500.0
21906,30722,1995-12-02,5000.0
21906,19444,2002-01-04,1400.0
30735,19413,1970-11-04,2900.0
30735,26554,1977-09-11,2900.0
30767,30768,2015-11-01,1497.0
25422,27248,1983-12-23,2880.0
25422,27248,2000-08-20,2880.0
25422,21416,2016-03-02,2900.0
25422,21416,2016-09-09,2900.0
30805,30806,2005-11-24,1500.0
30805,30806,1991-02-17,1500.0
30805,33863,2001-02-27,1500.0
30812,22773,2012-07-08,5500.0
30828,18580,1990-09-29,5500.0
26343,19640,1991-12-07,1000.0
26361,17934,1973-02-19,5500.0
26361,22640,2002-08-28,5500.0
26372,19026,1973-07-29,1500.0
19351,19352,1984-12-18,1500.0
19351,19352,2016-04-10,1500.0
19351,19352,1970-11-06,1500.0
19351,19352,2015-07-22,1500.0
19351,18556,2011-02-08,1000.0
19351,33652,1980-12-15,1500.0
26498,23954,2016-05-30,5500.0
26498,19328,2003-10-07,5500.0
26517,18610,2016-08-26,5500.0
26537,18610,2006-01-01,5500.0
26537,25526,2001-08-03,1497.0
21665,26539,2004-11-13,5000.0
21665,21666,1980-09-22,5000.0
21665,19558,1987-06-27,5000.0
26570,20374,2009-07-17,5000.0
18579,22752,1997-06-25,5500.0
18579,18580,1992-10-29,5000.0
26605,26606,2002-11-07,1500.0
17897,17898,1971-04-11,3000.0
17897,19595,1997-09-13,2900.0
17897,19595,2011-04-23,2900.0
17897,21720,1977-04-27,2460.0
17899,17900,1980-12-16,1000.0
17899,17900,1981-03-30,1000.0
17899,26554,2016-10-10,800.0
17933,17934,1996-10-24,5500.0
17933,17934,1972-04-01,5500.0
17933,18610,1983-02-27,5500.0
17935,17936,1988-02-26,5500.0
17935,17936,1981-02-05,5500.0
17935,21138,1996-09-24,5500.0
18203,18204,1997-01-12,1004.0
18203,18204,1974-08-30,1009.0
18203,18204,2000-02-23,1014.0
18203,33542,1981-12-23,1054.0
18216,18217,1991-05-17,5500.0
18216,28225,2000-08-01,5500.0
18218,18219,1995-11-23,5500.0
18232,18233,1974-04-10,1500.0
18232,18233,1982-02-06,1500.0
18232,25627,1998-09-06,1500.0
18259,18260,1997-03-02,5500.0
18259,18217,1983-02-26,4000.0
18259,25558,1972-03-26,5500.0
18326,18327,1981-07-18,5500.0
18447,18229,1971-09-20,2000.0
18447,18229,2007-01-17,2000.0
18487,18488,2009-07-24,1497.0
18522,18523,1997-01-27,5000.0
18534,18535,2017-04-06,2521.64
18534,18535,1978-06-01,1493.47
18534,27593,2007-05-31,1500.0
18629,18630,1993-04-26,5000.0
18629,21294,2006-04-14,5500.0
18629,33941,1999-01-12,5000.0
18689,18690,2001-01-17,5500.0
18689,27825,1979-05-25,5000.0
18689,33648,2001-10-01,5000.0
18689,32678,1990-03-12,5000.0
34964,32014,1983-12-18,5500.0
34977,18610,1974-01-01,5500.0
25758,30768,1979-05-08,5000.0
25758,21470,1984-02-02,1497.0
25758,21470,2014-06-25,1497.0
25758,21470,2016-02-15,1497.0
25758,21470,2000-01-24,5000.0
34979,23954,2017-10-13,5500.0
28177,18610,1992-07-21,5000.0
28177,18219,2018-04-24,5500.0
35020,18556,1999-08-19,1500.0
35023,29047,1990-10-27,5000.0
35024,26588,2005-01-04,1500.0
32784,21267,1979-09-24,5000.0
32784,27385,2016-12-19,1500.0
32784,18299,1974-02-15,1500.0
25708,27515,1982-03-05,475.0
25708,27515,1987-06-12,900.0
25708,27515,1985-06-03,475.0
25708,25709,1988-12-24,200.0
28268,26572,1986-08-29,1500.0
28268,28269,1996-09-19,1500.0
21195,21196,1972-08-09,1497.0
28184,28185,2012-05-19,1605.0
28241,19413,2007-06-12,1800.0
22185,25558,1983-01-01,5500.0
22185,26678,2016-02-07,5000.0
22185,18260,1985-08-11,3500.0
22185,31721,1978-07-05,5000.0
22185,18580,2002-07-27,5000.0
28301,27488,1996-12-11,5000.0
28320,21176,2006-05-27,5500.0
28340,22011,2004-03-22,5000.0
19675,19067,2013-08-12,1500.0
19675,19067,2008-06-11,1500.0
27234,24342,1972-11-29,5000.0
27247,27248,1998-01-21,2700.0
27247,27248,2008-05-19,2700.0
27277,19406,1993-10-23,5500.0
27277,18610,1994-08-28,5500.0
27281,27282,1991-06-06,5500.0
27281,19717,1973-09-16,5000.0
27281,28860,1981-05-27,4000.0
26797,19413,1975-05-10,2900.0
26797,19413,1970-04-29,2900.0
27379,27380,2011-10-20,1500.0
27444,19063,1998-11-25,1500.0
27483,24614,2006-12-26,1500.0
27483,24614,1987-07-15,1500.0
21924,22415,1987-07-25,5500.0
21924,18610,1995-03-31,5500.0
27553,27043,1971-03-21,5000.0
27594,27595,1993-02-14,1500.0
27594,19026,2011-10-11,1500.0
19300,18672,1976-07-20,200.0
19300,19301,1979-06-14,2500.0
22913,22914,1973-04-04,1500.0
22913,22914,1993-03-05,1500.0
22913,22914,2011-05-29,1500.0
22913,22914,2018-06-20,1500.0
22913,18233,2005-09-14,1500.0
31036,28366,1971-12-29,5000.0
31036,28366,2001-01-01,5000.0
31036,24134,1972-04-19,5000.0
31036,24134,1977-03-16,5000.0
31041,31042,2008-03-19,2003.91
21102,20082,1986-12-07,2150.5
21102,20082,2008-03-03,3000.0
21102,20082,2001-07-27,1055.0
21102,21103,2001-11-25,2111.44
21102,21103,2003-07-31,2111.44
31089,19063,2011-07-29,823.28
31801,17934,1991-11-29,5500.0
31801,18610,1985-05-24,5500.0
31818,19067,1977-05-15,5500.0
28710,21138,1979-01-20,5500.0
28710,19406,1990-11-24,5500.0
31905,30596,1995-07-22,5000.0
31981,23723,1981-01-24,2500.0
31981,23723,1989-06-19,2500.0
31709,19413,1979-09-08,3000.0
31709,19413,1998-04-04,3000.0
31709,31710,1990-12-27,1800.0
22414,22415,1995-06-11,5500.0
22414,24321,2000-06-02,5000.0
22421,13580,1978-01-27,1150.0
22466,20484,2012-08-19,5500.0
22466,20484,2017-09-23,5500.0
22473,22474,1974-04-02,1600.0
22473,22474,1994-02-11,2000.0
22473,22474,2010-07-10,2000.0
22473,22474,1987-10-29,1600.0
22473,33839,1999-05-24,2786.91
19025,22589,1970-04-26,5500.0
19025,19026,2016-09-26,5500.0
22621,18327,1996-05-16,5500.0
22672,19406,1981-10-04,5000.0
22070,19997,2011-05-09,2900.0
22070,19997,1999-11-01,2900.0
22754,22755,1998-05-23,1497.0
22754,21896,2014-01-12,1497.0
22754,32486,1991-10-16,1497.0
22169,22773,1979-03-26,5500.0
22169,22170,1983-08-10,5500.0
22169,19275,2009-09-16,5500.0
22832,22170,1995-05-28,5500.0
22832,24918,1992-08-26,5000.0
22832,22773,1997-05-05,5500.0
26781,21416,1974-03-09,2900.0
26781,21416,1984-06-04,2126.0
26820,26821,2000-05-15,5000.0
26956,24497,2010-06-12,5500.0
26977,22589,2017-08-12,5500.0
27042,27043,1989-12-25,1497.0
27075,19067,1983-09-04,5000.0
27083,27084,1973-08-22,5500.0
27124,20484,1984-09-26,5500.0
21175,20535,1991-11-18,5000.0
21175,21176,1980-05-04,5500.0
27130,27131,1977-01-20,1500.0
33442,24696,2004-11-18,1000.0
33442,24696,2008-08-21,1000.0
33456,18223,1978-05-22,5000.0
33539,22640,1993-01-05,5500.0
33564,20295,1978-10-04,5500.0
33564,17934,1992-12-19,5500.0
32773,20339,2015-03-11,5500.0
32773,18630,1978-01-15,5500.0
33606,19495,2002-10-04,1500.0
19066,19067,1999-04-30,5500.0
19405,19406,1977-10-18,5000.0
19405,21694,2012-07-30,1000.0
19474,19475,1979-10-07,5000.0
19474,19475,2015-09-18,5000.0
19474,18444,1973-05-23,5000.0
19474,25692,2003-04-04,1497.0
19557,19558,2000-05-21,5500.0
19557,25506,1982-12-11,5000.0
19716,19717,1972-10-18,5500.0
21720,20039,1988-12-15,2900.0
31518,25537,1980-09-28,5500.0
31529,24466,2014-12-16,5000.0
31529,18623,2000-04-01,5000.0
31591,18219,1972-04-09,5500.0
31594,18219,2000-05-19,5500.0
31611,18206,2008-12-15,5500.0
21295,25537,1975-09-10,5500.0
21295,21296,2016-01-25,5000.0
31635,22474,1973-11-24,4848.0
31651,21454,1978-07-12,440.0
25509,31674,2005-06-20,1500.0
25509,25510,2012-02-22,1500.0
25509,25510,2001-04-06,5000.0
31675,18366,1987-03-04,5000.0
21387,25722,1979-06-01,5500.0
21387,20339,2010-04-14,5500.0
32688,24296,2015-12-12,5500.0
32688,32014,2006-04-02,5500.0
30168,19067,1990-03-22,5000.0
30168,30169,2018-01-06,5500.0
32768,19328,2009-10-09,5500.0
32799,24056,2014-12-30,5000.0
32806,18610,1991-06-07,5000.0
32823,20878,1997-12-19,2938.0
32849,31990,1981-10-06,1500.0
32849,21134,1986-10-19,1500.0
32860,30462,1974-04-21,1500.0
32860,34300,1973-03-04,1500.0
32878,20588,1976-07-02,2262.5
20877,20878,1987-04-06,2000.0
20897,20898,1985-09-29,1500.0
20921,20922,1979-03-15,1655.0
21283,19413,1985-08-25,3838.0
21290,18580,1975-12-30,5000.0
21290,22778,2009-08-12,5500.0
21365,19413,2016-05-19,1000.0
21889,17934,2017-09-18,5500.0
21889,24603,1996-08-20,5500.0
21889,24603,1994-06-13,5500.0
21889,25184,2017-04-17,1500.0
21889,25184,2008-12-29,1500.0
21889,21138,1975-06-06,5500.0
34283,22589,2016-05-17,5500.0
34292,21176,1986-09-25,5500.0
34313,34314,2012-04-19,5000.0
33025,18219,1979-04-22,5500.0
33036,19595,1985-03-19,4000.0
33058,19595,2006-02-03,3000.0
33118,21688,1994-09-14,600.0
24871,24546,1972-12-15,5500.0
24917,24918,1979-10-15,5500.0
24917,22011,2003-02-06,5500.0
25048,25049,1987-06-09,1500.0
25150,18291,2004-04-11,5000.0
25165,25166,2000-04-17,1500.0
25175,23723,1972-05-20,2900.0
25181,18306,1977-03-19,5000.0
25249,23723,1987-04-15,2000.0
35166,18673,1971-07-23,2000.0
21893,18217,1991-04-19,5500.0
21893,21894,2013-03-20,5500.0
35209,26554,2009-03-15,1200.0
35214,24339,1997-11-01,1500.0
35218,31365,2013-01-21,5000.0
35247,24321,2015-03-10,5000.0
35267,19067,1988-04-16,5000.0
21719,21720,1999-01-19,2000.0
21725,21160,1988-12-21,1500.0
21957,18629,2013-01-23,5500.0
21957,25722,1981-11-17,5000.0
22105,22106,2010-08-01,5500.0
22182,19444,1989-12-15,1400.0
28651,17934,2004-09-02,5500.0
28651,21138,1983-08-29,5500.0
30071,24490,1993-10-07,3000.0
30073,19717,1980-03-13,1500.0
30099,18690,1980-02-17,5000.0
30100,20878,1985-09-13,2000.0
30193,28366,1979-12-23,5000.0
30196,21176,1986-05-21,5500.0
33949,18388,2014-01-10,1500.0
28577,28578,1999-10-07,2600.0
28577,28578,1991-06-01,2600.0
34072,29800,1972-05-01,5000.0
34079,22773,2010-07-29,5500.0
34094,19067,2009-10-31,5000.0
28700,19413,1995-07-08,2900.0
28700,19413,2013-05-13,2900.0
25412,23723,2007-12-26,2500.0
33707,20898,1980-03-14,1500.0
33712,23723,1973-05-14,3000.0
33785,22640,2002-06-18,5500.0
33793,27489,2017-06-01,5000.0
33842,22773,1973-08-01,5500.0
33855,20039,1979-11-21,2400.0
33857,30774,2003-05-13,5000.0
33866,26935,1972-11-22,5000.0
28477,21454,2010-12-27,1955.0
28612,21470,2015-10-16,5000.0
28674,23723,2006-02-06,1350.0
28719,20535,2000-04-27,1500.0
28733,23142,1997-02-19,5500.0
28741,19413,1978-04-04,2698.0
